id_sesion,id_prueba,marca_tiempo,modo,num_procesos,resolucion,ancho,alto,cantidad_imagenes,megapixeles,tiempo_total_s,tiempo_promedio_imagen_s,imagenes_por_segundo,cpu_promedio_pct,cpu_maximo_pct,ram_inicial_mb,ram_maxima_mb,ram_utilizada_mb,repeticion,imagenes_ok,imagenes_fallidas,muestras_cpu,ram_sistema_inicial_mb,ram_sistema_maxima_mb,ram_sistema_utilizada_mb,nucleos_logicos,mantener_en_memoria,parametros
20260929_210252,secuencial_1080p_n50_p1_r1,2026-09-29T21:03:01,secuencial,1,1080p,1920,1080,50,2.0736,5.970474,0.119409,8.3745,64.517,87.5,115.992,161.777,45.785,1,50,0,53,15812.957,15835.48,22.523,12,False,resize=1.0;blur=31x31;sigma=7.0;pasadas_blur=3;pasadas_canny=1;pasadas_pipeline=5;canny=50-150
20260929_210252,secuencial_1080p_n50_p1_r2,2026-09-29T21:03:07,secuencial,1,1080p,1920,1080,50,2.0736,5.258556,0.105171,9.5083,69.473,90.5,116.379,166.211,49.832,2,50,0,48,15722.176,15768.465,46.289,12,False,resize=1.0;blur=31x31;sigma=7.0;pasadas_blur=3;pasadas_canny=1;pasadas_pipeline=5;canny=50-150
20260929_210252,secuencial_1080p_n100_p1_r1,2026-09-29T21:03:18,secuencial,1,1080p,1920,1080,100,2.0736,11.026706,0.110267,9.0689,62.199,88.1,124.191,166.191,42.0,1,100,0,100,15718.102,15763.219,45.117,12,False,resize=1.0;blur=31x31;sigma=7.0;pasadas_blur=3;pasadas_canny=1;pasadas_pipeline=5;canny=50-150
20260929_210252,secuencial_1080p_n100_p1_r2,2026-09-29T21:03:29,secuencial,1,1080p,1920,1080,100,2.0736,10.970354,0.109704,9.1155,63.827,93.8,123.605,166.555,42.949,2,100,0,99,15695.551,15924.559,229.008,12,False,resize=1.0;blur=31x31;sigma=7.0;pasadas_blur=3;pasadas_canny=1;pasadas_pipeline=5;canny=50-150
20260929_210252,secuencial_1080p_n200_p1_r1,2026-09-29T21:03:51,secuencial,1,1080p,1920,1080,200,2.0736,22.339826,0.111699,8.9526,63.623,100.0,123.961,166.898,42.938,1,200,0,202,15698.707,15741.406,42.699,12,False,resize=1.0;blur=31x31;sigma=7.0;pasadas_blur=3;pasadas_canny=1;pasadas_pipeline=5;canny=50-150
20260929_210252,secuencial_1080p_n200_p1_r2,2026-09-29T21:04:12,secuencial,1,1080p,1920,1080,200,2.0736,20.35202,0.10176,9.827,65.812,91.7,124.926,166.48,41.555,2,200,0,186,15681.965,15710.441,28.477,12,False,resize=1.0;blur=31x31;sigma=7.0;pasadas_blur=3;pasadas_canny=1;pasadas_pipeline=5;canny=50-150
20260929_210252,secuencial_4K_n50_p1_r1,2026-09-29T21:04:40,secuencial,1,4K,3840,2160,50,8.2944,18.339698,0.366794,2.7263,68.844,100.0,124.766,286.125,161.359,1,50,0,161,15716.875,16021.082,304.207,12,False,resize=1.0;blur=31x31;sigma=7.0;pasadas_blur=3;pasadas_canny=1;pasadas_pipeline=5;canny=50-150
20260929_210252,secuencial_4K_n50_p1_r2,2026-09-29T21:04:59,secuencial,1,4K,3840,2160,50,8.2944,19.483332,0.389667,2.5663,65.152,100.0,119.184,285.711,166.527,2,50,0,168,15667.988,15844.789,176.801,12,False,resize=1.0;blur=31x31;sigma=7.0;pasadas_blur=3;pasadas_canny=1;pasadas_pipeline=5;canny=50-150
20260929_210252,secuencial_4K_n100_p1_r1,2026-09-29T21:05:43,secuencial,1,4K,3840,2160,100,8.2944,43.744828,0.437448,2.286,61.528,100.0,119.316,285.699,166.383,1,100,0,374,15512.762,15685.84,173.078,12,False,resize=1.0;blur=31x31;sigma=7.0;pasadas_blur=3;pasadas_canny=1;pasadas_pipeline=5;canny=50-150
20260929_210252,secuencial_4K_n100_p1_r2,2026-09-29T21:06:28,secuencial,1,4K,3840,2160,100,8.2944,44.9642,0.449642,2.224,64.886,100.0,119.387,285.789,166.402,2,100,0,380,15496.246,15797.91,301.664,12,False,resize=1.0;blur=31x31;sigma=7.0;pasadas_blur=3;pasadas_canny=1;pasadas_pipeline=5;canny=50-150
20260929_210252,secuencial_4K_n200_p1_r1,2026-09-29T21:08:03,secuencial,1,4K,3840,2160,200,8.2944,94.747127,0.473736,2.1109,65.389,100.0,119.207,288.301,169.094,1,200,0,799,15639.719,15979.383,339.664,12,False,resize=1.0;blur=31x31;sigma=7.0;pasadas_blur=3;pasadas_canny=1;pasadas_pipeline=5;canny=50-150
20260929_210252,secuencial_4K_n200_p1_r2,2026-09-29T21:13:31,secuencial,1,4K,3840,2160,200,8.2944,327.575203,1.637876,0.6105,70.484,100.0,119.742,286.875,167.133,2,200,0,660,15649.312,15966.664,317.352,12,False,resize=1.0;blur=31x31;sigma=7.0;pasadas_blur=3;pasadas_canny=1;pasadas_pipeline=5;canny=50-150
20260929_211458,concurrente_4proc_1080p_n50_p4_r1,2026-09-29T21:15:07,concurrente_4proc,4,1080p,1920,1080,50,2.0736,4.689147,0.093783,10.6629,55.692,86.1,224.582,705.582,481.0,1,50,0,40,15834.219,16234.344,400.125,12,False,resize=1.0;blur=31x31;sigma=7.0;pasadas_blur=3;pasadas_canny=1;pasadas_pipeline=5;canny=50-150
20260929_211458,concurrente_4proc_1080p_n50_p4_r2,2026-09-29T21:15:10,concurrente_4proc,4,1080p,1920,1080,50,2.0736,3.204282,0.064086,15.6041,45.163,57.1,553.148,704.379,151.23,2,50,0,27,16035.68,16176.863,141.184,12,False,resize=1.0;blur=31x31;sigma=7.0;pasadas_blur=3;pasadas_canny=1;pasadas_pipeline=5;canny=50-150
20260929_211458,concurrente_4proc_1080p_n100_p4_r1,2026-09-29T21:15:17,concurrente_4proc,4,1080p,1920,1080,100,2.0736,6.53285,0.065328,15.3073,46.251,62.5,553.176,708.555,155.379,1,100,0,55,16008.492,16158.625,150.133,12,False,resize=1.0;blur=31x31;sigma=7.0;pasadas_blur=3;pasadas_canny=1;pasadas_pipeline=5;canny=50-150
20260929_211458,concurrente_4proc_1080p_n100_p4_r2,2026-09-29T21:15:23,concurrente_4proc,4,1080p,1920,1080,100,2.0736,6.449861,0.064499,15.5042,46.193,64.6,553.258,708.441,155.184,2,100,0,54,15994.289,16139.805,145.516,12,False,resize=1.0;blur=31x31;sigma=7.0;pasadas_blur=3;pasadas_canny=1;pasadas_pipeline=5;canny=50-150
20260929_211458,concurrente_4proc_1080p_n200_p4_r1,2026-09-29T21:15:37,concurrente_4proc,4,1080p,1920,1080,200,2.0736,13.039533,0.065198,15.338,45.014,69.0,553.277,707.832,154.555,1,200,0,111,15979.809,16129.852,150.043,12,False,resize=1.0;blur=31x31;sigma=7.0;pasadas_blur=3;pasadas_canny=1;pasadas_pipeline=5;canny=50-150
20260929_211458,concurrente_4proc_1080p_n200_p4_r2,2026-09-29T21:15:50,concurrente_4proc,4,1080p,1920,1080,200,2.0736,13.209427,0.066047,15.1407,48.487,66.7,553.371,710.453,157.082,2,200,0,113,15965.219,16308.062,342.844,12,False,resize=1.0;blur=31x31;sigma=7.0;pasadas_blur=3;pasadas_canny=1;pasadas_pipeline=5;canny=50-150
20260929_211458,concurrente_4proc_4K_n50_p4_r1,2026-09-29T21:16:12,concurrente_4proc,4,4K,3840,2160,50,8.2944,12.879236,0.257585,3.8822,45.106,66.7,554.312,1175.461,621.148,1,50,0,110,16076.238,16690.91,614.672,12,False,resize=1.0;blur=31x31;sigma=7.0;pasadas_blur=3;pasadas_canny=1;pasadas_pipeline=5;canny=50-150
20260929_211458,concurrente_4proc_4K_n50_p4_r2,2026-09-29T21:16:25,concurrente_4proc,4,4K,3840,2160,50,8.2944,12.95355,0.259071,3.8599,44.484,72.5,555.105,1174.895,619.789,2,50,0,111,16026.258,16649.109,622.852,12,False,resize=1.0;blur=31x31;sigma=7.0;pasadas_blur=3;pasadas_canny=1;pasadas_pipeline=5;canny=50-150
20260929_211458,concurrente_4proc_4K_n100_p4_r1,2026-09-29T21:16:52,concurrente_4proc,4,4K,3840,2160,100,8.2944,27.199048,0.27199,3.6766,43.721,64.9,555.105,1189.445,634.34,1,100,0,233,15996.457,16614.723,618.266,12,False,resize=1.0;blur=31x31;sigma=7.0;pasadas_blur=3;pasadas_canny=1;pasadas_pipeline=5;canny=50-150
20260929_211458,concurrente_4proc_4K_n100_p4_r2,2026-09-29T21:17:21,concurrente_4proc,4,4K,3840,2160,100,8.2944,28.935614,0.289356,3.4559,43.504,72.0,555.105,1199.68,644.574,2,100,0,249,15814.586,16442.77,628.184,12,False,resize=1.0;blur=31x31;sigma=7.0;pasadas_blur=3;pasadas_canny=1;pasadas_pipeline=5;canny=50-150
20260929_211458,concurrente_4proc_4K_n200_p4_r1,2026-09-29T21:18:33,concurrente_4proc,4,4K,3840,2160,200,8.2944,71.431991,0.35716,2.7999,44.097,100.0,554.91,1194.047,639.137,1,200,0,606,15814.262,16449.051,634.789,12,False,resize=1.0;blur=31x31;sigma=7.0;pasadas_blur=3;pasadas_canny=1;pasadas_pipeline=5;canny=50-150
20260929_211458,concurrente_4proc_4K_n200_p4_r2,2026-09-29T21:19:42,concurrente_4proc,4,4K,3840,2160,200,8.2944,68.731679,0.343658,2.9099,45.219,79.7,554.992,1200.238,645.246,2,200,0,585,15796.902,16370.949,574.047,12,False,resize=1.0;blur=31x31;sigma=7.0;pasadas_blur=3;pasadas_canny=1;pasadas_pipeline=5;canny=50-150
20260929_212124,concurrente_12proc_1080p_n50_p12_r1,2026-09-29T21:21:34,concurrente_12proc,12,1080p,1920,1080,50,2.0736,5.072874,0.101457,9.8563,98.289,100.0,224.078,1847.77,1623.691,1,50,0,37,15641.027,16877.023,1235.996,12,False,resize=1.0;blur=31x31;sigma=7.0;pasadas_blur=3;pasadas_canny=1;pasadas_pipeline=5;canny=50-150
20260929_212124,concurrente_12proc_1080p_n50_p12_r2,2026-09-29T21:21:36,concurrente_12proc,12,1080p,1920,1080,50,2.0736,2.610712,0.052214,19.1519,93.931,100.0,1427.648,1882.879,455.23,2,50,0,16,16446.781,16898.707,451.926,12,False,resize=1.0;blur=31x31;sigma=7.0;pasadas_blur=3;pasadas_canny=1;pasadas_pipeline=5;canny=50-150
20260929_212124,concurrente_12proc_1080p_n100_p12_r1,2026-09-29T21:21:42,concurrente_12proc,12,1080p,1920,1080,100,2.0736,5.005866,0.050059,19.9766,99.59,100.0,1427.691,1870.895,443.203,1,100,0,29,16396.887,16844.473,447.586,12,False,resize=1.0;blur=31x31;sigma=7.0;pasadas_blur=3;pasadas_canny=1;pasadas_pipeline=5;canny=50-150
20260929_212124,concurrente_12proc_1080p_n100_p12_r2,2026-09-29T21:21:47,concurrente_12proc,12,1080p,1920,1080,100,2.0736,4.840238,0.048402,20.6601,98.954,100.0,1427.777,1859.863,432.086,2,100,0,24,16395.305,16849.637,454.332,12,False,resize=1.0;blur=31x31;sigma=7.0;pasadas_blur=3;pasadas_canny=1;pasadas_pipeline=5;canny=50-150
20260929_212124,concurrente_12proc_1080p_n200_p12_r1,2026-09-29T21:21:57,concurrente_12proc,12,1080p,1920,1080,200,2.0736,10.258883,0.051294,19.4953,99.755,100.0,1427.832,1875.883,448.051,1,200,0,60,16367.996,16815.684,447.688,12,False,resize=1.0;blur=31x31;sigma=7.0;pasadas_blur=3;pasadas_canny=1;pasadas_pipeline=5;canny=50-150
20260929_212124,concurrente_12proc_1080p_n200_p12_r2,2026-09-29T21:22:07,concurrente_12proc,12,1080p,1920,1080,200,2.0736,10.335551,0.051678,19.3507,99.186,100.0,1427.988,1877.684,449.695,2,200,0,59,16369.102,16803.945,434.844,12,False,resize=1.0;blur=31x31;sigma=7.0;pasadas_blur=3;pasadas_canny=1;pasadas_pipeline=5;canny=50-150
20260929_212124,concurrente_12proc_4K_n50_p12_r1,2026-09-29T21:22:29,concurrente_12proc,12,4K,3840,2160,50,8.2944,11.819739,0.236395,4.2302,84.793,100.0,1429.109,3199.57,1770.461,1,50,0,27,16443.848,18240.488,1796.641,12,False,resize=1.0;blur=31x31;sigma=7.0;pasadas_blur=3;pasadas_canny=1;pasadas_pipeline=5;canny=50-150
20260929_212124,concurrente_12proc_4K_n50_p12_r2,2026-09-29T21:22:41,concurrente_12proc,12,4K,3840,2160,50,8.2944,11.409914,0.228198,4.3822,87.774,100.0,1432.148,3200.773,1768.625,2,50,0,38,16490.41,18132.008,1641.598,12,False,resize=1.0;blur=31x31;sigma=7.0;pasadas_blur=3;pasadas_canny=1;pasadas_pipeline=5;canny=50-150
20260929_212124,concurrente_12proc_4K_n100_p12_r1,2026-09-29T21:23:06,concurrente_12proc,12,4K,3840,2160,100,8.2944,24.783429,0.247834,4.035,93.039,100.0,1432.148,3222.418,1790.27,1,100,0,76,16364.266,18231.734,1867.469,12,False,resize=1.0;blur=31x31;sigma=7.0;pasadas_blur=3;pasadas_canny=1;pasadas_pipeline=5;canny=50-150
20260929_212124,concurrente_12proc_4K_n100_p12_r2,2026-09-29T21:23:36,concurrente_12proc,12,4K,3840,2160,100,8.2944,29.967726,0.299677,3.3369,93.624,100.0,1432.152,3326.527,1894.375,2,100,0,113,16345.344,18191.23,1845.887,12,False,resize=1.0;blur=31x31;sigma=7.0;pasadas_blur=3;pasadas_canny=1;pasadas_pipeline=5;canny=50-150
20260929_212124,concurrente_12proc_4K_n200_p12_r1,2026-09-29T21:24:42,concurrente_12proc,12,4K,3840,2160,200,8.2944,66.024264,0.330121,3.0292,99.014,100.0,1432.055,3217.367,1785.312,1,200,0,299,16193.984,18089.293,1895.309,12,False,resize=1.0;blur=31x31;sigma=7.0;pasadas_blur=3;pasadas_canny=1;pasadas_pipeline=5;canny=50-150
20260929_212124,concurrente_12proc_4K_n200_p12_r2,2026-09-29T21:25:38,concurrente_12proc,12,4K,3840,2160,200,8.2944,55.438771,0.277194,3.6076,97.924,100.0,1431.695,3301.797,1870.102,2,200,0,216,16327.75,18357.652,2029.902,12,False,resize=1.0;blur=31x31;sigma=7.0;pasadas_blur=3;pasadas_canny=1;pasadas_pipeline=5;canny=50-150
20260929_212613,memoria_retenida_1080p_n50_p1_r1,2026-09-29T21:26:23,memoria_retenida,1,1080p,1920,1080,50,2.0736,6.624549,0.132491,7.5477,64.963,87.0,114.535,529.633,415.098,1,50,0,60,15434.805,15830.027,395.223,12,True,resize=1.0;blur=31x31;sigma=7.0;pasadas_blur=3;pasadas_canny=1;pasadas_pipeline=5;canny=50-150
20260929_212613,memoria_retenida_1080p_n50_p1_r2,2026-09-29T21:26:28,memoria_retenida,1,1080p,1920,1080,50,2.0736,5.642837,0.112857,8.8608,64.504,87.5,116.535,545.625,429.09,2,50,0,51,15417.277,15816.52,399.242,12,True,resize=1.0;blur=31x31;sigma=7.0;pasadas_blur=3;pasadas_canny=1;pasadas_pipeline=5;canny=50-150
20260929_212613,memoria_retenida_1080p_n100_p1_r1,2026-09-29T21:26:41,memoria_retenida,1,1080p,1920,1080,100,2.0736,12.099678,0.120997,8.2647,61.516,86.7,116.539,943.367,826.828,1,100,0,109,15394.594,16144.305,749.711,12,True,resize=1.0;blur=31x31;sigma=7.0;pasadas_blur=3;pasadas_canny=1;pasadas_pipeline=5;canny=50-150
20260929_212613,memoria_retenida_1080p_n100_p1_r2,2026-09-29T21:26:54,memoria_retenida,1,1080p,1920,1080,100,2.0736,12.591987,0.12592,7.9416,58.559,95.8,124.246,943.34,819.094,2,100,0,112,15335.895,16142.121,806.227,12,True,resize=1.0;blur=31x31;sigma=7.0;pasadas_blur=3;pasadas_canny=1;pasadas_pipeline=5;canny=50-150
20260929_212613,memoria_retenida_1080p_n200_p1_r1,2026-09-29T21:27:22,memoria_retenida,1,1080p,1920,1080,200,2.0736,28.358584,0.141793,7.0525,57.585,88.1,124.211,1740.707,1616.496,1,200,0,253,15332.668,16923.633,1590.965,12,True,resize=1.0;blur=31x31;sigma=7.0;pasadas_blur=3;pasadas_canny=1;pasadas_pipeline=5;canny=50-150
20260929_212613,memoria_retenida_1080p_n200_p1_r2,2026-09-29T21:27:56,memoria_retenida,1,1080p,1920,1080,200,2.0736,33.09708,0.165485,6.0428,62.634,100.0,116.957,1734.441,1617.484,2,200,0,289,15307.238,16954.621,1647.383,12,True,resize=1.0;blur=31x31;sigma=7.0;pasadas_blur=3;pasadas_canny=1;pasadas_pipeline=5;canny=50-150
20260929_212613,memoria_retenida_4K_n50_p1_r1,2026-09-29T21:28:36,memoria_retenida,1,4K,3840,2160,50,8.2944,28.505622,0.570112,1.754,61.593,92.9,120.074,1835.531,1715.457,1,50,0,234,15325.777,16872.602,1546.824,12,True,resize=1.0;blur=31x31;sigma=7.0;pasadas_blur=3;pasadas_canny=1;pasadas_pipeline=5;canny=50-150
20260929_212613,memoria_retenida_4K_n50_p1_r2,2026-09-29T21:29:00,memoria_retenida,1,4K,3840,2160,50,8.2944,23.999335,0.479987,2.0834,63.991,100.0,118.871,1820.34,1701.469,2,50,0,199,15164.789,16863.883,1699.094,12,True,resize=1.0;blur=31x31;sigma=7.0;pasadas_blur=3;pasadas_canny=1;pasadas_pipeline=5;canny=50-150
20260929_212613,memoria_retenida_4K_n100_p1_r1,2026-09-29T21:29:50,memoria_retenida,1,4K,3840,2160,100,8.2944,49.571495,0.495715,2.0173,64.499,100.0,119.23,3418.32,3299.09,1,100,0,415,15171.625,18644.621,3472.996,12,True,resize=1.0;blur=31x31;sigma=7.0;pasadas_blur=3;pasadas_canny=1;pasadas_pipeline=5;canny=50-150
20260929_212613,memoria_retenida_4K_n100_p1_r2,2026-09-29T21:30:45,memoria_retenida,1,4K,3840,2160,100,8.2944,54.876766,0.548768,1.8223,66.744,100.0,116.055,3418.344,3302.289,2,100,0,453,15339.457,18477.254,3137.797,12,True,resize=1.0;blur=31x31;sigma=7.0;pasadas_blur=3;pasadas_canny=1;pasadas_pipeline=5;canny=50-150
20260929_212613,memoria_retenida_4K_n200_p1_r1,2026-09-29T21:32:30,memoria_retenida,1,4K,3840,2160,200,8.2944,104.420801,0.522104,1.9153,63.933,100.0,118.98,6567.633,6448.652,1,200,0,879,15191.391,21492.621,6301.23,12,True,resize=1.0;blur=31x31;sigma=7.0;pasadas_blur=3;pasadas_canny=1;pasadas_pipeline=5;canny=50-150
20260929_212613,memoria_retenida_4K_n200_p1_r2,2026-09-29T21:34:09,memoria_retenida,1,4K,3840,2160,200,8.2944,98.817948,0.49409,2.0239,63.612,100.0,116.223,6576.773,6460.551,2,200,0,828,14990.566,21438.109,6447.543,12,True,resize=1.0;blur=31x31;sigma=7.0;pasadas_blur=3;pasadas_canny=1;pasadas_pipeline=5;canny=50-150
20260929_213431,secuencial_8K_n20_p1_r1,2026-09-29T21:35:12,secuencial,1,8K,7680,4320,20,33.1776,31.176809,1.55884,0.6415,67.145,100.0,116.293,782.758,666.465,1,20,0,242,15176.965,16026.594,849.629,12,False,resize=1.0;blur=31x31;sigma=7.0;pasadas_blur=3;pasadas_canny=1;pasadas_pipeline=5;canny=50-150
20260929_213431,secuencial_8K_n20_p1_r2,2026-09-29T21:35:50,secuencial,1,8K,7680,4320,20,33.1776,38.241184,1.912059,0.523,68.08,100.0,117.18,783.473,666.293,2,20,0,279,15149.359,15827.477,678.117,12,False,resize=1.0;blur=31x31;sigma=7.0;pasadas_blur=3;pasadas_canny=1;pasadas_pipeline=5;canny=50-150
20260929_213431,secuencial_8K_n50_p1_r1,2026-09-29T21:37:22,secuencial,1,8K,7680,4320,50,33.1776,91.110891,1.822218,0.5488,67.652,100.0,117.086,789.711,672.625,1,50,0,681,15147.066,16019.289,872.223,12,False,resize=1.0;blur=31x31;sigma=7.0;pasadas_blur=3;pasadas_canny=1;pasadas_pipeline=5;canny=50-150
20260929_213431,secuencial_8K_n50_p1_r2,2026-09-29T21:38:59,secuencial,1,8K,7680,4320,50,33.1776,97.031933,1.940639,0.5153,68.727,100.0,118.844,789.516,670.672,2,50,0,702,15187.438,16034.73,847.293,12,False,resize=1.0;blur=31x31;sigma=7.0;pasadas_blur=3;pasadas_canny=1;pasadas_pipeline=5;canny=50-150
20260929_214559,memoria_retenida_4K_n300_p1_r1,2026-09-29T21:48:43,memoria_retenida,1,4K,3840,2160,300,8.2944,118.873193,0.396244,2.5237,65.114,100.0,117.328,9745.746,9628.418,1,300,0,1041,15455.805,23305.105,7849.301,12,True,resize=1.0;blur=31x31;sigma=7.0;pasadas_blur=3;pasadas_canny=1;pasadas_pipeline=5;canny=50-150
20260929_214559,memoria_retenida_4K_n300_p1_r2,2026-09-29T21:53:20,memoria_retenida,1,4K,3840,2160,300,8.2944,151.095614,0.503652,1.9855,65.266,100.0,117.02,9748.707,9631.688,2,300,0,1265,13678.039,23620.824,9942.785,12,True,resize=1.0;blur=31x31;sigma=7.0;pasadas_blur=3;pasadas_canny=1;pasadas_pipeline=5;canny=50-150
20260929_214559,memoria_retenida_4K_n600_p1_r1,2026-09-29T21:57:54,memoria_retenida,1,4K,3840,2160,600,8.2944,271.808382,0.453014,2.2074,64.176,100.0,117.309,19244.348,19127.039,1,600,0,2331,14040.148,32487.703,18447.555,12,True,resize=1.0;blur=31x31;sigma=7.0;pasadas_blur=3;pasadas_canny=1;pasadas_pipeline=5;canny=50-150
20260929_214559,memoria_retenida_4K_n600_p1_r2,2026-09-29T22:03:07,memoria_retenida,1,4K,3840,2160,600,8.2944,311.726544,0.519544,1.9248,65.73,100.0,117.703,19243.859,19126.156,2,600,0,2420,13350.98,32647.109,19296.129,12,True,resize=1.0;blur=31x31;sigma=7.0;pasadas_blur=3;pasadas_canny=1;pasadas_pipeline=5;canny=50-150
20260929_214559,memoria_retenida_4K_n1000_p1_r1,2026-09-29T22:24:49,memoria_retenida,1,4K,3840,2160,1000,8.2944,1300.921476,1.300921,0.7687,64.422,100.0,120.402,29220.41,29100.008,1,1000,0,4162,13494.039,40615.742,27121.703,12,True,resize=1.0;blur=31x31;sigma=7.0;pasadas_blur=3;pasadas_canny=1;pasadas_pipeline=5;canny=50-150
20260929_214559,memoria_retenida_4K_n1000_p1_r2,2026-09-29T22:32:39,memoria_retenida,1,4K,3840,2160,1000,8.2944,467.806966,0.467807,2.1376,68.683,100.0,93.602,29565.754,29472.152,2,1000,0,4001,11223.801,40408.516,29184.715,12,True,resize=1.0;blur=31x31;sigma=7.0;pasadas_blur=3;pasadas_canny=1;pasadas_pipeline=5;canny=50-150
20260929_223811,concurrente_12proc_4K_n300_p12_r1,2026-09-29T22:40:06,concurrente_12proc,12,4K,3840,2160,300,8.2944,67.726865,0.225756,4.4296,99.685,100.0,226.344,3231.004,3004.66,1,300,0,368,11398.676,14024.277,2625.602,12,False,resize=1.0;blur=31x31;sigma=7.0;pasadas_blur=3;pasadas_canny=1;pasadas_pipeline=5;canny=50-150
20260929_223811,concurrente_12proc_4K_n300_p12_r2,2026-09-29T22:41:30,concurrente_12proc,12,4K,3840,2160,300,8.2944,83.582106,0.278607,3.5893,98.975,100.0,1433.09,3252.016,1818.926,2,300,0,391,12008.285,13850.145,1841.859,12,False,resize=1.0;blur=31x31;sigma=7.0;pasadas_blur=3;pasadas_canny=1;pasadas_pipeline=5;canny=50-150
20260929_223811,concurrente_12proc_4K_n600_p12_r1,2026-09-29T22:44:13,concurrente_12proc,12,4K,3840,2160,600,8.2944,162.601207,0.271002,3.69,99.366,100.0,1432.66,3313.031,1880.371,1,600,0,868,11994.844,14227.164,2232.32,12,False,resize=1.0;blur=31x31;sigma=7.0;pasadas_blur=3;pasadas_canny=1;pasadas_pipeline=5;canny=50-150
20260929_223811,concurrente_12proc_4K_n600_p12_r2,2026-09-29T22:47:10,concurrente_12proc,12,4K,3840,2160,600,8.2944,176.880367,0.294801,3.3921,99.212,100.0,1434.793,3299.945,1865.152,2,600,0,373,12282.066,14187.332,1905.266,12,False,resize=1.0;blur=31x31;sigma=7.0;pasadas_blur=3;pasadas_canny=1;pasadas_pipeline=5;canny=50-150
20260929_223811,concurrente_12proc_4K_n1000_p12_r1,2026-09-29T22:52:00,concurrente_12proc,12,4K,3840,2160,1000,8.2944,289.584876,0.289585,3.4532,99.456,100.0,1434.52,3223.574,1789.055,1,1000,0,694,12160.969,14255.051,2094.082,12,False,resize=1.0;blur=31x31;sigma=7.0;pasadas_blur=3;pasadas_canny=1;pasadas_pipeline=5;canny=50-150
20260929_223811,concurrente_12proc_4K_n1000_p12_r2,2026-09-29T22:56:28,concurrente_12proc,12,4K,3840,2160,1000,8.2944,267.916348,0.267916,3.7325,99.796,100.0,1435.082,3259.594,1824.512,2,1000,0,1367,12109.242,14066.012,1956.77,12,False,resize=1.0;blur=31x31;sigma=7.0;pasadas_blur=3;pasadas_canny=1;pasadas_pipeline=5;canny=50-150
20260929_225659,extremo_secuencial_1080p_n100_p1_r1,2026-09-29T22:57:41,extremo_secuencial,1,1080p,1920,1080,100,2.0736,39.334464,0.393345,2.5423,72.889,100.0,115.137,165.605,50.469,1,100,0,348,11334.285,11377.168,42.883,12,False,resize=1.0;blur=51x51;sigma=9.0;pasadas_blur=4;pasadas_canny=1;pasadas_pipeline=10;canny=50-150
20260929_225659,extremo_secuencial_1080p_n100_p1_r2,2026-09-29T22:58:30,extremo_secuencial,1,1080p,1920,1080,100,2.0736,48.908869,0.489089,2.0446,76.117,100.0,116.695,166.148,49.453,2,100,0,419,11042.289,11448.402,406.113,12,False,resize=1.0;blur=51x51;sigma=9.0;pasadas_blur=4;pasadas_canny=1;pasadas_pipeline=10;canny=50-150
20260929_225659,extremo_secuencial_1080p_n200_p1_r1,2026-09-29T22:59:56,extremo_secuencial,1,1080p,1920,1080,200,2.0736,85.485439,0.427427,2.3396,73.708,100.0,123.977,166.09,42.113,1,200,0,751,11139.074,11449.562,310.488,12,False,resize=1.0;blur=51x51;sigma=9.0;pasadas_blur=4;pasadas_canny=1;pasadas_pipeline=10;canny=50-150
20260929_225659,extremo_secuencial_1080p_n200_p1_r2,2026-09-29T23:01:24,extremo_secuencial,1,1080p,1920,1080,200,2.0736,87.789325,0.438947,2.2782,73.608,100.0,116.223,165.992,49.77,2,200,0,766,11125.801,11175.113,49.312,12,False,resize=1.0;blur=51x51;sigma=9.0;pasadas_blur=4;pasadas_canny=1;pasadas_pipeline=10;canny=50-150
20260929_225659,extremo_secuencial_4K_n100_p1_r1,2026-09-29T23:10:47,extremo_secuencial,1,4K,3840,2160,100,8.2944,552.505427,5.525054,0.181,80.782,100.0,118.996,287.945,168.949,1,100,0,995,11031.871,12620.145,1588.273,12,False,resize=1.0;blur=51x51;sigma=9.0;pasadas_blur=4;pasadas_canny=1;pasadas_pipeline=10;canny=50-150
20260929_225659,extremo_secuencial_4K_n100_p1_r2,2026-09-29T23:12:37,extremo_secuencial,1,4K,3840,2160,100,8.2944,110.382763,1.103828,0.9059,77.528,100.0,120.105,289.324,169.219,2,100,0,941,11294.367,11527.672,233.305,12,False,resize=1.0;blur=51x51;sigma=9.0;pasadas_blur=4;pasadas_canny=1;pasadas_pipeline=10;canny=50-150
20260929_225659,extremo_secuencial_4K_n200_p1_r1,2026-09-29T23:51:57,extremo_secuencial,1,4K,3840,2160,200,8.2944,2359.241942,11.79621,0.0848,77.727,100.0,119.789,291.328,171.539,1,200,0,2001,11264.137,11975.527,711.391,12,False,resize=1.0;blur=51x51;sigma=9.0;pasadas_blur=4;pasadas_canny=1;pasadas_pipeline=10;canny=50-150
20260929_225659,extremo_secuencial_4K_n200_p1_r2,2026-09-29T23:55:57,extremo_secuencial,1,4K,3840,2160,200,8.2944,240.523461,1.202617,0.8315,77.762,100.0,119.723,291.637,171.914,2,200,0,2004,11228.91,11954.211,725.301,12,False,resize=1.0;blur=51x51;sigma=9.0;pasadas_blur=4;pasadas_canny=1;pasadas_pipeline=10;canny=50-150
20260929_225659,extremo_4proc_1080p_n100_p4_r1,2026-09-29T23:56:31,extremo_4proc,4,1080p,1920,1080,100,2.0736,29.052284,0.290523,3.4421,42.109,64.4,228.125,718.242,490.117,1,100,0,255,11676.793,12077.359,400.566,12,False,resize=1.0;blur=51x51;sigma=9.0;pasadas_blur=4;pasadas_canny=1;pasadas_pipeline=10;canny=50-150
20260929_225659,extremo_4proc_1080p_n100_p4_r2,2026-09-29T23:57:01,extremo_4proc,4,1080p,1920,1080,100,2.0736,29.859265,0.298593,3.349,40.295,75.9,557.09,719.18,162.09,2,100,0,260,11701.746,11881.094,179.348,12,False,resize=1.0;blur=51x51;sigma=9.0;pasadas_blur=4;pasadas_canny=1;pasadas_pipeline=10;canny=50-150
20260929_225659,extremo_4proc_1080p_n200_p4_r1,2026-09-29T23:58:07,extremo_4proc,4,1080p,1920,1080,200,2.0736,65.989852,0.329949,3.0308,48.101,90.5,557.039,715.461,158.422,1,200,0,567,11704.832,12034.66,329.828,12,False,resize=1.0;blur=51x51;sigma=9.0;pasadas_blur=4;pasadas_canny=1;pasadas_pipeline=10;canny=50-150
20260929_225659,extremo_4proc_1080p_n200_p4_r2,2026-09-29T23:59:14,extremo_4proc,4,1080p,1920,1080,200,2.0736,65.976062,0.32988,3.0314,41.496,100.0,556.957,718.797,161.84,2,200,0,567,11774.723,11954.891,180.168,12,False,resize=1.0;blur=51x51;sigma=9.0;pasadas_blur=4;pasadas_canny=1;pasadas_pipeline=10;canny=50-150
20260929_225659,extremo_4proc_4K_n100_p4_r1,2026-09-30T00:01:45,extremo_4proc,4,4K,3840,2160,100,8.2944,141.970404,1.419704,0.7044,48.487,100.0,558.543,1207.719,649.176,1,100,0,1200,11747.133,12815.508,1068.375,12,False,resize=1.0;blur=51x51;sigma=9.0;pasadas_blur=4;pasadas_canny=1;pasadas_pipeline=10;canny=50-150
20260929_225659,extremo_4proc_4K_n100_p4_r2,2026-09-30T00:03:58,extremo_4proc,4,4K,3840,2160,100,8.2944,132.61056,1.326106,0.7541,39.286,72.7,560.586,1203.984,643.398,2,100,0,1153,11767.129,12396.793,629.664,12,False,resize=1.0;blur=51x51;sigma=9.0;pasadas_blur=4;pasadas_canny=1;pasadas_pipeline=10;canny=50-150
20260929_225659,extremo_4proc_4K_n200_p4_r1,2026-09-30T00:08:46,extremo_4proc,4,4K,3840,2160,200,8.2944,288.14988,1.440749,0.6941,46.06,100.0,560.457,1207.652,647.195,1,200,0,2438,11697.285,12875.203,1177.918,12,False,resize=1.0;blur=51x51;sigma=9.0;pasadas_blur=4;pasadas_canny=1;pasadas_pipeline=10;canny=50-150
20260929_225659,extremo_4proc_4K_n200_p4_r2,2026-09-30T00:13:22,extremo_4proc,4,4K,3840,2160,200,8.2944,275.591206,1.377956,0.7257,40.556,99.2,560.648,1205.246,644.598,2,200,0,2353,11772.348,12455.922,683.574,12,False,resize=1.0;blur=51x51;sigma=9.0;pasadas_blur=4;pasadas_canny=1;pasadas_pipeline=10;canny=50-150
20260929_225659,extremo_12proc_1080p_n100_p12_r1,2026-09-30T00:13:52,extremo_12proc,12,1080p,1920,1080,100,2.0736,24.724342,0.247243,4.0446,97.304,100.0,229.586,1884.332,1654.746,1,100,0,148,11540.195,12897.621,1357.426,12,False,resize=1.0;blur=51x51;sigma=9.0;pasadas_blur=4;pasadas_canny=1;pasadas_pipeline=10;canny=50-150
20260929_225659,extremo_12proc_1080p_n100_p12_r2,2026-09-30T00:14:16,extremo_12proc,12,1080p,1920,1080,100,2.0736,24.217557,0.242176,4.1292,94.331,100.0,1435.344,1897.559,462.215,2,100,0,91,12438.902,12889.539,450.637,12,False,resize=1.0;blur=51x51;sigma=9.0;pasadas_blur=4;pasadas_canny=1;pasadas_pipeline=10;canny=50-150
20260929_225659,extremo_12proc_1080p_n200_p12_r1,2026-09-30T00:15:17,extremo_12proc,12,1080p,1920,1080,200,2.0736,60.498123,0.302491,3.3059,98.085,100.0,1435.352,1898.938,463.586,1,200,0,225,12451.426,12902.633,451.207,12,False,resize=1.0;blur=51x51;sigma=9.0;pasadas_blur=4;pasadas_canny=1;pasadas_pipeline=10;canny=50-150
20260929_225659,extremo_12proc_1080p_n200_p12_r2,2026-09-30T02:49:28,extremo_12proc,12,1080p,1920,1080,200,2.0736,9250.32161,46.251608,0.0216,99.409,100.0,1434.676,1890.211,455.535,2,200,0,183,12426.723,13115.062,688.34,12,False,resize=1.0;blur=51x51;sigma=9.0;pasadas_blur=4;pasadas_canny=1;pasadas_pipeline=10;canny=50-150
20260929_225659,extremo_12proc_4K_n100_p12_r1,2026-09-30T03:42:15,extremo_12proc,12,4K,3840,2160,100,8.2944,3148.471631,31.484716,0.0318,99.125,100.0,1434.648,3289.121,1854.473,1,100,0,1108,13239.359,15270.938,2031.578,12,False,resize=1.0;blur=51x51;sigma=9.0;pasadas_blur=4;pasadas_canny=1;pasadas_pipeline=10;canny=50-150
